,phrase,label,sentiment,subjectivity,language,count
Volkswagen,Volkswagen,ORG,0.0,0.0,en,5.5
Trump,Trump,ORG,0.34972394755003455,0.4699792960662527,en,4.6
Super Typhoon Fung-wong,Super Typhoon Fung-wong,ORG,0.223973973973974,0.43443443443443447,en,3.6999999999999997
NOAA,NOAA,ORG,0.17395833333333335,0.5026041666666666,en,3.1999999999999997
SpaceX,SpaceX,ORG,0.020114942528735618,0.4396551724137931,en,2.9
KYUK,KYUK,ORG,0.0,0.0,en,2.8
Instagram,Instagram,ORG,0.0,0.0,en,2.8
the IAB Transparency &amp,the IAB Transparency &amp,ORG,-0.13392857142857142,0.26785714285714285,en,2.8
Google Earth AI,Google Earth AI,ORG,-0.20833333333333334,0.47916666666666663,en,2.4
the National Hurricane Center,the National Hurricane Center,ORG,-0.15625000000000003,0.6875,en,2.4
Melissa,Melissa,ORG,0.027173913043478264,0.2173913043478261,en,2.3
NASA,NASA,ORG,0.5583333333333333,1.2666666666666666,en,2.0
the Dune Lighting Package,the Dune Lighting Package,ORG,0.0,0.0,en,1.9
Senate,Senate,ORG,0.052631578947368425,0.15789473684210525,en,1.9
AP,AP,ORG,0.0,0.1631578947368421,en,1.9
Federal Emergency Management,Federal Emergency Management,ORG,0.0,0.0,en,1.9
GPS,GPS,ORG,1.105263157894737,1.5263157894736843,en,1.9
Reuters,Reuters,ORG,0.22563352826510724,0.2826510721247563,en,1.9
Sandstorm Yellow Metallic,Sandstorm Yellow Metallic,ORG,0.0,0.0,en,1.9
auroras,auroras,ORG,0.5263157894736842,0.0,en,1.9
Treasury,Treasury,ORG,0.5789473684210527,0.1929824561403509,en,1.9
ISABELA,ISABELA,ORG,0.22563352826510724,0.2826510721247563,en,1.9
Torres del Paine National Park,Torres del Paine National Park,ORG,0.07017543859649122,0.2631578947368421,en,1.9
CONAF,CONAF,ORG,0.1754385964912281,0.2631578947368421,en,1.9
The National Weather Service,The National Weather Service,ORG,0.13157894736842105,0.2368421052631579,en,1.9
SoCal,SoCal,ORG,0.011506037821827296,0.1954887218045113,en,1.9
United Nations,United Nations,ORG,0.11122994652406418,0.3187165775401069,en,1.7
QUINHAGAK,QUINHAGAK,ORG,0.125,0.125,en,1.4
The National Hurricane Center,The National Hurricane Center,ORG,-0.14285714285714288,0.07142857142857144,en,1.4
The Anchorage Daily News,The Anchorage Daily News,ORG,0.125,0.125,en,1.4
The Enforcement Directorate,The Enforcement Directorate,ORG,0.9090909090909091,0.45454545454545453,en,1.1
Anil Ambani's,Anil Ambani's,ORG,0.36363636363636365,0.3181818181818181,en,1.1
Google,Google,ORG,0.0,0.07575757575757576,en,1.1
AI,AI,ORG,0.11818181818181818,0.0,en,1.0
Steelers,Steelers,ORG,0.0,0.0,en,1.0
Digital Journal,Digital Journal,ORG,0.125,0.0,en,1.0
SWPC,SWPC,ORG,-0.1,0.0,en,1.0
NovemberSpace Weather,NovemberSpace Weather,ORG,0.25,0.0,en,1.0
the National Oceanographic,the National Oceanographic,ORG,-0.1,0.0,en,1.0
The Space Weather Prediction Center,The Space Weather Prediction Center,ORG,-0.1,0.0,en,1.0
No Reserve,No Reserve,ORG,0.0,0.0,en,1.0
Medicare,Medicare,ORG,0.1,0.0,en,1.0
Voidstorm,Voidstorm,ORG,0.16818181818181818,0.0,en,1.0
Harandar,Harandar,ORG,0.16818181818181818,0.0,en,1.0
Void,Void,ORG,0.16818181818181818,0.0,en,1.0
the National Weather Service,the National Weather Service,ORG,0.0,0.0,en,1.0
UN,UN,ORG,0.09454545454545454,0.0,en,1.0
The UN Environment Programme,The UN Environment Programme,ORG,0.09454545454545454,0.0,en,1.0
Aurora Borealis,Aurora Borealis,ORG,0.13333333333333333,0.0,en,1.0
Parkss,Parkss,ORG,0.1,0.0,en,1.0
House,House,ORG,0.1,0.0,en,1.0
Salt Lake music festival,Salt Lake music festival,ORG,0.0,0.0,en,1.0
NAS,NAS,ORG,0.34545454545454546,0.0,en,1.0
the Met Office,the Met Office,ORG,-0.2,0.0,en,1.0
Los Angeles Times,Los Angeles Times,ORG,-0.1,0.0,en,1.0
BL,BL,ORG,0.07708333333333332,0.0,en,1.0
The National Weather Service (NWS,The National Weather Service (NWS,ORG,0.0,0.0,en,1.0
CLOUDFLARE,CLOUDFLARE,ORG,0.125,0.0,en,1.0
the Coast Guard,the Coast Guard,ORG,-0.1,0.0,en,1.0
FOX 5/KUSI,FOX 5/KUSI,ORG,-0.02857142857142859,0.0,en,1.0
SEREMBAN,SEREMBAN,ORG,0.0,0.0,en,1.0
Level-5,Level-5,ORG,0.0,0.0,en,1.0
Clairo &,Clairo &,ORG,-0.0625,0.0,en,1.0
KWIGILLINGOK,KWIGILLINGOK,ORG,0.0,0.0,en,1.0
BBC,BBC,ORG,-0.2,0.0,en,1.0
The Aurora Borealis,The Aurora Borealis,ORG,0.21428571428571427,0.0,en,1.0
Phys.org,Phys.org,ORG,0.0,0.0,en,1.0
Linux,Linux,ORG,0.0,0.0,en,1.0
"Eklektix, Inc.","Eklektix, Inc.",ORG,0.0,0.0,en,1.0
perl-File-Find-Rule,perl-File-Find-Rule,ORG,0.0,0.0,en,1.0
perl-FCGI,perl-FCGI,ORG,0.0,0.0,en,1.0
perl,perl,ORG,0.0,0.0,en,1.0
webkitgtk,webkitgtk,ORG,0.0,0.0,en,1.0
firefox-esr,firefox-esr,ORG,0.0,0.0,en,1.0
Amazon,Amazon,ORG,0.0,0.0,en,1.0
Blue Origin,Blue Origin,ORG,0.0,0.0,en,1.0
perl-Data-Entropy,perl-Data-Entropy,ORG,0.0,0.0,en,1.0
Yale Climate Connections,Yale Climate Connections,ORG,0.0,0.0,en,1.0
Super Typhoon Fung-Wong,Super Typhoon Fung-Wong,ORG,0.3333333333333333,0.0,en,1.0
the Sugar Man's,the Sugar Man's,ORG,0.2222222222222222,0.0,en,1.0
Auroras,Auroras,ORG,0.13636363636363635,0.0,en,1.0
CBS Interactive Inc. All,CBS Interactive Inc. All,ORG,0.0,0.0,en,1.0
CBS News Philadelphia,CBS News Philadelphia,ORG,0.3333333333333333,0.0,en,1.0
Kingston,Kingston,ORG,0.3333333333333333,0.0,en,1.0
CBS News',CBS News',ORG,0.3333333333333333,0.0,en,1.0
Generative AI,Generative AI,ORG,0.5,0.0,en,1.0
foreca,foreca,ORG,0.0,0.0,en,1.0
KINGSTON,KINGSTON,ORG,0.0,0.0,en,1.0
Strength,Strength,ORG,0.0,0.0,en,1.0
NBC,NBC,ORG,0.1,0.0,en,1.0
The European Space Agency,The European Space Agency,ORG,0.0,0.0,en,1.0
Gemini,Gemini,ORG,0.0,0.0,en,1.0
Google Earth,Google Earth,ORG,0.0,0.0,en,1.0
CNBC,CNBC,ORG,-0.2,0.0,en,1.0
Transportation,Transportation,ORG,-0.2,0.0,en,1.0
Elon Musk,Elon Musk,ORG,0.0,0.0,en,1.0
Superbright,Superbright,ORG,0.0,0.0,en,1.0
National Hurricane Center,National Hurricane Center,ORG,-0.1,0.0,en,1.0
the US Republican Party,the US Republican Party,ORG,-0.23333333333333336,0.0,en,1.0
GOP,GOP,ORG,0.1,0.0,en,1.0
Sun,Sun,ORG,0.0,0.0,en,1.0
Space Weather Prediction Center,Space Weather Prediction Center,ORG,-0.05,0.0,en,1.0
LA,LA,ORG,-0.11666666666666665,0.0,en,1.0
the U.S. National Hurricane Center,the U.S. National Hurricane Center,ORG,0.03333333333333333,0.0,en,1.0
Hurric,Hurric,ORG,0.0,0.0,en,1.0
Iguana,Iguana,ORG,0.0,0.0,en,1.0
Watch Air Force,Watch Air Force,ORG,0.8,0.0,en,1.0
Aurora Borealis Alert,Aurora Borealis Alert,ORG,0.75,0.0,en,1.0
National,National,ORG,0.0,0.0,en,1.0
FEMA,FEMA,ORG,0.21428571428571427,0.0,en,1.0
Imperial College of London,Imperial College of London,ORG,0.0,0.0,en,1.0
NOAA/CIRA,NOAA/CIRA,ORG,0.0,0.0,en,1.0
LA Wildfires Now Brace,LA Wildfires Now Brace,ORG,-0.2,0.0,en,1.0
Starlink,Starlink,ORG,-0.125,0.0,en,1.0
Scientific American’s,Scientific American’s,ORG,0.16666666666666666,0.0,en,1.0
Anil Ambanis,Anil Ambanis,ORG,-0.1,0.0,en,1.0
Reliance Group,Reliance Group,ORG,0.5,0.0,en,1.0
Anil Ambani Reliance Goup,Anil Ambani Reliance Goup,ORG,0.5,0.0,en,1.0
Climate Desk,Climate Desk,ORG,0.375,0.0,en,1.0
Inside Climate News,Inside Climate News,ORG,0.375,0.0,en,1.0
TikTok,TikTok,ORG,0.0,0.0,en,1.0
FBI,FBI,ORG,0.0,0.0,en,1.0
"Carrington Event
 ","Carrington Event
 ",ORG,-0.10876623376623376,0.0,en,1.0
Carrington Event,Carrington Event,ORG,0.13636363636363635,0.0,en,1.0
Carrington,Carrington,ORG,0.06818181818181818,0.0,en,1.0
ALASKAAccording,ALASKAAccording,ORG,0.05,0.0,en,1.0
Archaeology Magazine,Archaeology Magazine,ORG,0.125,0.0,en,1.0
NewsNation,NewsNation,ORG,-1.0,0.0,en,1.0
The Air Force,The Air Force,ORG,-0.1,0.0,en,1.0
The U.S. Air Force's,The U.S. Air Force's,ORG,-0.19999999999999998,0.0,en,1.0
carsLos Angeles Times Live,carsLos Angeles Times Live,ORG,0.12186147186147187,0.0,en,1.0
