day,sentiment_mean,sentiment_std,subjectivity_mean,subjectivity_std,counting
2025-10-01,-0.2418799408053642,0.8113223578519277,-1.2509571665619201,0.0959234830250958,2.0
2025-10-02,-0.8491672796371311,0.8224533894634363,0.12289508059292802,1.1880079104678918,3.0
2025-10-03,0.6128427946244606,0.9199137559250979,0.364189043993029,0.14888321506741997,4.0
2025-10-04,0.3340273436481888,1.0,-0.828003709806605,1.0,1.0
2025-10-05,0.45892376709549465,1.2256849869268571,0.7131222107925629,0.5197543012304274,4.0
2025-10-06,1.9208805286879667,0.5952149518092805,1.3022126494727866,0.2797135535814265,2.0
2025-10-08,0.027175461473496202,0.4375595732560904,0.4036805031130864,0.7076059835166425,6.0
2025-10-09,0.2549708136520793,0.09541813973111832,0.8747479411674112,0.5299736208703476,2.0
2025-10-10,-0.757072770866644,0.2880702094249017,-0.5242481059841335,0.10343563874332218,2.0
2025-10-11,0.11042243964573784,1.0,-0.37828032498343167,1.0,1.0
2025-10-12,-0.26736471055491445,0.5148614764072562,0.18551456907388877,1.2066345655066975,5.0
2025-10-13,-0.04938487449944684,0.06984075929321093,0.5632781868844029,0.3347751986176267,2.0
2025-10-14,0.18085146192206822,0.6622215604794658,0.08040370908946642,0.9907878298991625,2.0
2025-10-15,0.2308428955013819,0.2239193834250182,-0.26442010317579406,0.31014207740352234,3.0
2025-10-16,-1.1721471997939814,1.1257655635691668,-0.31124055590720445,0.7293298113698987,3.0
2025-10-17,-0.431275365363951,0.6814281730728863,-0.14045513889510838,0.22522436504975957,4.0
2025-10-19,-0.15105884279140414,1.0,-1.7687438660992223,1.0,1.0
2025-10-20,-0.4738903836673259,1.1433402846841703,0.28700624573212025,0.6905856778745489,6.0
2025-10-21,0.14284908599081603,1.0391202279348517,-0.3720695152833345,1.28368069065557,6.0
2025-10-22,0.29771576856653204,0.8009523493967405,0.03167930329754354,0.5801610098422513,6.0
2025-10-23,-0.43740153864397224,0.5800612978018934,0.12962436896032808,0.8124060802048668,9.0
2025-10-24,0.06835568997849063,1.0765347822397013,0.0729164020578663,0.9594113315350399,13.0
2025-10-25,0.25485485137257197,1.0438581831287699,0.4602066950049967,0.8137858704156588,6.0
2025-10-26,-0.14229410480030527,0.6878802967328296,-0.12735173863680033,0.5756463694776215,15.0
2025-10-27,-0.3610169451278777,1.0672375250699178,0.16949355909924146,1.0333206117652685,28.0
2025-10-28,-0.2644460166550318,1.0226009771096518,0.0539836788522504,1.0768564504702363,29.0
2025-10-29,-0.09950565111332879,0.9673813473377962,0.3364495260615322,1.3393166075308407,10.0
2025-10-30,0.18898661893275084,1.3122244708763233,0.3740843273699664,0.9072192124021331,7.0
2025-10-31,-0.11439756629309543,1.039775657638727,0.05130655307714188,1.0406992668508752,6.0
2025-11-01,-0.0713549172224455,1.6693332912279852,0.33761564431733704,0.4577255826583141,4.0
2025-11-02,-0.4748709723705027,1.0803898769761378,0.6138267194796584,0.44005417859020507,3.0
2025-11-03,0.6719135365715998,1.5188636822364094,-0.08018129365400521,1.315222041338986,10.0
2025-11-04,0.09238349684541383,0.4677829875659887,0.27737090584617186,1.2954896095763453,5.0
2025-11-05,-0.9564596110692054,0.9971052252784569,-0.46690419064673716,1.244606217741587,2.0
2025-11-06,0.08827100042114042,0.557388833935548,-0.11836891768259943,0.9607597944173415,10.0
2025-11-07,-0.31709375954700336,0.870962805671039,-0.1693895226128948,1.0659758440438518,11.0
2025-11-08,0.1608548869374936,0.7056566124825091,-0.30908163613231626,0.4219266824350233,13.0
2025-11-09,0.7152168162107416,0.8509963226985041,0.1321708638601797,0.7098205398151416,6.0
2025-11-10,0.4081622060562708,0.5744761035096104,0.4064589661262518,1.013294906979325,10.0
2025-11-11,-0.18192512236797362,0.7153483003801352,-0.2233029239186142,0.7221196813130523,14.0
2025-11-12,0.7150491105006234,0.8044249352011144,0.29537152938931294,1.2580502722772662,19.0
2025-11-13,-0.17618380292299549,1.1083630188122915,0.07099488593848169,1.109319720890719,11.0
2025-11-14,-0.5879993097148941,0.8774627232131452,-0.2671891134132108,0.9296751927984467,9.0
2025-11-15,-0.2949180225239314,0.7028483993037582,-0.3628731370002735,0.5127778506457991,6.0
2025-11-16,-0.12591713861835355,0.5700158072285638,-0.6796564450217949,0.6631353278097855,5.0
2025-11-17,0.40040421483082345,0.4229292420491611,0.20265964407209136,0.6754796461677716,5.0
2025-11-18,0.4231838432330649,0.9066894942899341,0.2306223185019919,0.4791380463294971,4.0
2025-11-19,-0.6226134845894268,0.4017113199174578,-0.42369486985128063,0.6320717325280738,3.0
2025-11-20,-0.30157163126411174,0.921659649379501,0.016929804720074798,1.032646252087572,12.0
2025-11-21,-0.24565918952464225,0.6959756589036634,-0.21248834852313944,0.7813169144198289,14.0
2025-11-22,0.0443545198359551,0.8383294440134479,0.6451739145052332,0.5695287168823995,3.0
2025-11-23,0.07521434844907253,0.7839643128957388,-0.13239742418842274,0.9589783139030245,7.0
2025-11-24,-0.31816902297914135,0.9260098900456042,-0.6159249148723107,1.1671997911283143,11.0
2025-11-25,0.4490364707864927,0.8109949259478665,0.10247238771173643,0.7696253655349251,25.0
2025-11-26,-0.210883101628122,0.5599695505137141,-0.09553635591425395,0.9093720456528132,18.0
2025-11-27,0.3499501037539382,0.9115413871809588,-0.016546721341840143,0.8342028342241464,17.0
2025-11-28,0.08401595690165727,0.8069987764646801,0.4640411624009926,0.7998092460967744,20.0
2025-11-29,0.31589623699164227,1.1101945822797332,0.03972863738607394,1.1712903104751475,19.0
2025-11-30,0.16746103732276568,0.9258866227337459,0.05078948962807424,0.6136876938133471,21.0
2025-12-01,0.2172133478853452,0.7679919553430561,-0.036689736014463084,0.8606521191687018,13.0
2025-12-02,0.058071310659578275,0.8292205439958745,-0.12700046686994731,0.6872780066977252,22.0
2025-12-03,0.10784399720374688,1.129763123545026,-0.5700801337228939,1.1243846386042171,13.0
2025-12-04,-0.2240268955137003,0.8645673992013658,0.08231236507400763,0.8486597728370595,14.0
2025-12-05,0.42710773229805216,1.0648995155963075,-0.18778183595622533,0.8120353085078801,10.0
2025-12-06,0.2778627774249991,0.5780421987447212,-0.642262088352716,0.8780230112420835,3.0
2025-12-07,-0.7071067811865475,1.0,-0.7071067811865476,1.0,1.0
2025-12-08,0.06679426549770734,1.1809369874753441,0.2867559785007614,0.9063625962824858,13.0
2025-12-09,0.2719915947088801,1.025056634573768,0.18568381138076676,0.5796543957557712,16.0
2025-12-10,0.048911181783654646,0.7458547831246538,-0.4143062786758946,0.9800743457988533,15.0
2025-12-11,0.039628012175517875,0.7126555782459051,-0.3428308000776393,0.8257371882552109,13.0
2025-12-12,-0.37335026642153796,0.9553187679406531,0.2282944950179602,0.882585106235664,8.0
2025-12-13,-0.35655245945118885,1.1840201985875014,-0.026472878472738524,0.678170755262066,7.0
2025-12-14,0.5938410153457211,1.0033465588055899,0.3698702612297218,0.8843114214094953,9.0
2025-12-15,0.10560926080112687,0.7825067645235994,-0.2122027222477522,0.750501461738337,17.0
2025-12-16,-0.13855764591625008,0.8909069310817531,-0.27949797318694913,0.7038605126566521,20.0
2025-12-17,0.4811974498690326,1.001126978477083,0.032328828442470633,0.8977046715720117,13.0
2025-12-18,-0.13226828220474537,1.1773537112454235,-0.05508937980174108,0.9915553614606091,21.0
2025-12-19,-0.34608271474276875,0.973046942943012,0.4405452092277952,0.7626305143849625,13.0
2025-12-20,-0.07139155248054944,1.1570926787599083,-0.08876784398504818,0.9546462840711942,9.0
2025-12-21,0.31111869436618994,1.0117887634941434,-0.5380716349558358,0.5713315904288161,6.0
2025-12-22,0.08973083748181086,0.8422671631214619,0.24012207184272047,0.5173671903091839,9.0
2025-12-23,-0.8893810154854318,2.89361612001864,0.7747256267017437,1.6481556727830582,4.0
2025-12-24,0.4591310076137548,0.7787280039843244,0.3106319755360557,0.7104110007561165,13.0
2025-12-25,-0.22976994559326114,0.5388138215367733,-0.1752219639167035,0.8080389532598852,5.0
2025-12-26,0.15519092035676801,0.6499067417677807,-0.2529129268086578,0.8982510127783359,27.0
2025-12-27,0.5184723785235157,0.9455793434514316,0.052039326323045955,0.5849245072276286,24.0
2025-12-28,0.27033683428384503,0.9328123234302224,0.29672633702825674,0.8231094611318962,17.0
2025-12-29,0.3922931949912397,0.9792832842624435,0.16359780002200358,0.8673630890775267,20.0
2025-12-30,-0.08942571699375723,0.8805408623889737,-0.1556482618498203,0.9249311601144526,11.0
2025-12-31,0.2748451308624176,0.8189513335012505,-0.25484331693569434,0.6555242204047125,11.0
2026-01-01,-0.16413252324816816,0.9577675799334975,-0.5582379545134011,0.6694123140793019,5.0
2026-01-02,-0.041754899885888125,0.787951900954732,-0.07347765846787535,0.8652618056402578,15.0
2026-01-03,-0.23925653875750888,1.2674703206164981,-0.32529368827458555,0.8858784975511627,11.0
2026-01-04,0.11895984526461079,0.8006327287090619,-0.14967696025492497,0.6535828743901166,7.0
2026-01-05,-0.06386626786583366,0.516343057850119,-0.2473186785135303,0.6168875229492164,12.0
2026-01-06,0.18430167672615236,0.8286991802538867,-0.060159628974750926,0.7878874142177821,9.0
2026-01-07,0.12515360775891654,0.9881283702995349,-0.14629842868681467,0.9741920766123031,33.0
2026-01-08,-0.10715049997299164,1.146972560351947,0.2611740420690509,0.982316423369867,32.0
2026-01-09,0.172882966299776,0.7976566421396728,0.16359351286852078,0.8290642755228711,25.0
2026-01-10,0.342319446212579,0.7294200772687783,0.05441359440920581,0.8524659168870878,3.0
2026-01-11,-0.8962811082188072,1.0,1.2464210962937405,1.0,1.0
2026-01-12,0.4252013337912678,0.9967595935236726,-0.24841066681723,0.6495750322201662,4.0
2026-01-13,-0.5118095528108992,0.4650863990309315,-0.8147900584954904,1.2600402213800077,9.0
2026-01-14,-0.48671804009280456,0.5998281483577154,-0.32270410222714935,0.6539849151436841,5.0
2026-01-15,0.48518907527463967,0.9596266696891049,0.7420284152770753,0.524726390587571,10.0
2026-01-16,0.1814526701810516,0.868386731456372,0.18234321125295172,0.8284870483725046,9.0
2026-01-17,-0.052480682442557464,1.127862691287862,-0.20641235388264073,1.1356469009408536,8.0
2026-01-18,-0.19628066145662704,0.7834068061249415,0.038941860753482244,1.0666169111436363,16.0
2026-01-19,0.07698912553307945,0.8749504891939178,0.4852527446239468,0.7885344618873866,7.0
2026-01-20,0.2700056808822006,0.9048517239024941,0.5011818486471137,1.1367262088009056,11.0
2026-01-21,-0.15318035234537175,0.8572072191599451,0.3395936825164736,0.5453055415786104,16.0
2026-01-22,-0.062101297995247634,1.0910372633645389,0.6208870590819787,0.8972364199935177,31.0
2026-01-23,0.10333993433034543,0.830228136292741,0.3218449593099711,0.7920636692949399,54.0
2026-01-24,0.06415340669897403,0.7260888696357533,0.09231308677186535,0.7778269374085943,34.0
2026-01-25,-0.09829689347617092,0.8402679165976796,0.3936343321625687,0.8601972060862675,39.0
2026-01-26,-0.28885038252771134,0.9121637042573869,0.2622571143391402,0.8017376892814226,42.0
2026-01-27,-0.46000995507083897,0.9417093793212252,0.5878670676969855,0.8353212621080245,39.0
2026-01-28,0.0030551359031938344,0.8243701287194005,0.04498242753229205,0.820763951867444,29.0
2026-01-29,-0.09899504426279569,1.1784161415475276,0.1727650124531197,1.0668883230131394,27.0
2026-01-30,-0.209293069180816,0.9450512415634666,0.2762297317371838,1.193207734854247,37.0
2026-01-31,-0.1870355447843623,0.754798128934731,0.6825870640972436,0.9348605146343465,16.0
2026-02-01,-0.18680153027859572,0.9067877044807165,0.4411513059135615,0.5675574876669132,8.0
2026-02-02,-0.4057822063940153,0.9903646689577995,0.030639310950806152,0.7868028987575696,9.0
2026-02-03,-0.1806369870463616,0.7341145243036371,0.13154611144774797,0.6069425193543748,11.0
2026-02-04,0.13110389603766562,0.7531366934053751,-0.16110346544565585,0.9461417086093786,22.0
2026-02-05,-0.22753738705340953,0.6834754117984567,-0.0503238803195602,0.9430150927616137,9.0
2026-02-06,0.5465055301622905,0.8864511070499217,0.34636145641429494,0.5898574546323135,13.0
2026-02-07,-0.18104656884003675,0.6054065636556402,-0.45027881126669705,0.7437743479906869,6.0
2026-02-08,-0.6157503811296458,0.9815231816997001,-0.23850505596744484,0.9387391705830678,6.0
2026-02-09,0.16304641132727807,1.1566107304429283,0.058856068341961595,1.2248357855981584,23.0
2026-02-10,0.016008094427127948,0.6191864659761828,-0.34015520999669213,0.6898879436287947,16.0
2026-02-11,0.22118583715415102,0.8727143044880332,-0.17157667986725975,0.7938288549938907,25.0
2026-02-12,-0.03132503016438149,0.5499530460181785,-0.6589556359286505,0.9866703875048539,6.0
2026-02-13,-0.1195587783138537,0.7652717399595572,-0.4342392855683734,0.8862132445370247,12.0
2026-02-14,-0.0831953860146893,0.925999073266521,0.2745737055681401,0.6459167848797842,20.0
2026-02-15,0.22931345961947994,0.7648545308491994,0.18633833951293627,0.7428324231890374,18.0
2026-02-16,0.3258996865072969,0.7083488175994211,0.37164706594294744,0.924391985286473,14.0
2026-02-17,0.8719600704540585,0.9020855155055704,-0.37455933120692897,0.9965936439104459,4.0
2026-02-18,-0.4067855039507288,0.6635059875656975,-0.3856454259486599,1.0502264910796906,22.0
2026-02-19,0.7206547375666725,1.64689138678082,-0.011964225078893848,0.9736077205917888,14.0
2026-02-20,0.25742668961555554,0.820810764087876,0.3982298054391618,0.7457085117454996,22.0
2026-02-21,-7.722436654934508e-05,0.8403618739813266,0.4161981923823168,0.8564126941400196,10.0
2026-02-22,0.16574356823832756,0.6757749626119502,-0.16572401789028526,0.7096748232590522,24.0
2026-02-23,0.18243796655289934,0.8680967209625384,0.00842901342916529,0.9310002902973886,70.0
2026-02-24,0.23113037469977948,0.7596060400357523,0.15142459329032446,0.964854953944774,17.0
2026-02-25,-0.03547236554552793,0.8326076629701801,-0.1800000442446247,0.7571788753646763,10.0
2026-02-26,0.4687471047727299,1.0626756185135156,0.1634952742008065,0.5732868030688695,12.0
2026-02-27,-0.0992152887521892,0.5143430513134405,-0.27185746057469823,0.9186773769170961,17.0
2026-02-28,-0.3308487553303532,1.7430882013590947,0.4669881742599649,0.8208147677297217,9.0
2026-03-01,-0.11301612524653448,0.9689475978632744,-0.5696320743439793,1.0265345403990958,6.0
2026-03-02,0.6562218630555497,0.7006676797198333,0.26835659052108035,0.6376345868549465,8.0
2026-03-03,0.3741342059747313,0.6110940595503351,-0.016731831444107392,1.152871607681614,3.0
2026-03-04,-0.008594036113331344,0.6203199554849395,-0.6933587685563486,0.8287085061081267,5.0
2026-03-05,0.2660227163399426,1.0541832045070456,0.2738633307446142,0.5825315610378649,10.0
2026-03-06,-0.3345470924231741,0.797064986044664,-0.11431244764774613,1.2306310098050035,11.0
2026-03-07,-0.415539356423535,0.4641428210152558,-0.0034933196627823116,0.863081894403434,18.0
2026-03-08,-1.2718322388761243,1.7228401490108305,-0.11987756171496688,2.0377419977425326,2.0
2026-03-09,-0.0038812712970736074,0.5705481848934594,0.251654076082093,0.4994283821641165,6.0
2026-03-10,0.09612174833542987,0.8761257379312168,0.3054686702328676,1.1721668826042109,18.0
2026-03-11,-0.06272984389165272,0.8233903310443396,-0.07769531934016416,0.940907481231296,34.0
2026-03-12,-0.7230207120153083,0.7194249176487822,0.113494523558587,0.8443397763933118,10.0
2026-03-13,-0.1379085116396741,0.49391055427386243,-0.07633679558389518,0.17389538812434086,4.0
2026-03-14,0.36338730281421416,0.8700517320342329,-0.2817877152376426,0.6669130993551675,9.0
2026-03-15,0.23044955097013797,0.8280329496928184,0.2068756467025261,1.226602879633867,11.0
2026-03-16,0.013226432098920585,0.797385949283038,-0.052637960506522634,1.0467170887590542,23.0
2026-03-17,-0.24187928774196382,0.978598820432153,-0.04904059590765634,0.7174395696177753,16.0
2026-03-18,0.808813896403082,0.9658675359300118,0.2128178275294501,0.6587246516869214,5.0
2026-03-19,-0.9892907772592723,0.25872868294356216,0.3139001773205443,1.8634674959357052,2.0
2026-03-20,-0.06891406020662309,0.9688665186150849,-0.3617203805971605,0.9372546805691232,3.0
2026-03-21,0.13441006420815568,0.944386570788818,0.5986306018669899,0.7208107228851328,15.0
2026-03-22,-0.44111645542912375,0.5774424794863159,-0.0635401620505491,1.0636237050852086,11.0
2026-03-23,-0.46405503337903403,1.3277005124555654,0.18765980481754757,0.7812092827499197,5.0
2026-03-24,0.7325731838558286,0.44744866578065606,0.9132291276629116,0.5191976821672175,3.0
2026-03-25,0.7720757454331629,1.26868274854317,1.3146365572763852,2.549351177312829,3.0
2026-03-26,-0.11764448067210817,0.5985638917706201,0.11227941859344694,0.475373096380585,2.0
2026-03-27,0.21895928515476062,0.6978893738534759,0.30564151407539936,0.6620520828669828,3.0
2026-03-28,1.7297092914235135,1.0,-0.7065688158503926,1.0,1.0
2026-03-29,-0.0715770774054779,0.23728113726517727,0.5632542481024639,1.6300486290825869,3.0
2026-03-30,-0.5408930675165243,0.0,-0.22386012145091097,0.0,2.0
2026-03-31,0.25469387048533937,1.1118276819608135,0.36224868998705395,0.7055721689646386,7.0
2026-04-01,-0.41945704077312895,0.6620058517615336,-0.547367644917366,0.5025313157054164,3.0
2026-04-02,-0.0274644349139516,1.0260404757682837,-0.3960051603856514,1.095489479244422,15.0
2026-04-03,-0.2422445311937372,0.7533438899995464,-0.42858440491633476,0.6392434206814465,16.0
2026-04-04,-0.08267279586394898,1.1330357336259114,-0.2877215256475547,1.292684998914819,7.0
2026-04-05,-0.2305176737353796,0.6310643233351564,-0.8915828423440203,0.9119256782084944,7.0
2026-04-06,0.4688707412993441,1.7088466829279012,-0.5039285666358873,0.8800118705336774,4.0
2026-04-07,0.05065899006037071,1.1105083347054798,-0.023115875346071645,0.6598094852461065,8.0
2026-04-08,0.7801971471328601,0.5357428233249639,-0.7246847286617925,0.22074378137647052,5.0
2026-04-09,-0.5363669991895639,1.223212386386712,-0.32297352306686966,1.2646308227839531,11.0
2026-04-10,0.05243444710693281,0.6892562371090899,-0.32884861043229885,1.264772187231592,10.0
2026-04-11,-0.06431583555604559,1.2861515313958092,0.03858867116657589,0.7310052184688047,5.0
2026-04-12,0.5681402980787417,0.9977007822920786,0.35582749113090806,0.6723098030146403,5.0
2026-04-13,0.20431567595333822,0.741900480803187,-0.034487577879520746,0.8352698891451601,31.0
2026-04-14,0.16953331866812252,0.9320258463073371,0.05466246189538485,0.7491210128173242,32.0
2026-04-15,-0.20325131584717762,0.6948706718930582,0.1225301870767703,0.5731744350355382,7.0
2026-04-16,-0.04386153822933665,1.1663664885592546,0.08599243267067926,1.12025844615919,18.0
2026-04-17,-0.18022076035067605,0.6990327866444717,-0.06108252623454731,0.8799720274583723,17.0
2026-04-18,0.06469174253735833,0.879100247401092,-0.06276807135910746,0.8462700050338477,22.0
2026-04-19,0.14811096973144486,1.514168593025282,-0.20268059778793907,1.429402547667358,15.0
2026-04-20,-0.16333094602173684,0.7161087930855883,-0.2808650746221605,0.8517672329970771,14.0
2026-04-21,-0.3379828949168235,0.9410510400782837,-0.05214312045588261,0.7531260242272377,13.0
2026-04-22,0.1625279929495881,0.7489035480663118,0.1861851370060308,0.8622376307228037,10.0
2026-04-23,-0.4721528165291302,0.6252673131567188,0.22202233657345155,0.6924384047864264,11.0
2026-04-24,-0.22376142003348928,1.2374095289479088,0.3471341238287447,1.1810677538105305,27.0
2026-04-25,0.33818086911134915,0.7329982775893352,0.19486081645434317,0.7605474401371207,5.0
2026-04-26,-0.0654064346807073,0.8199382112637643,-0.06946437022482956,1.1939007290272379,7.0
2026-04-27,0.23809185709853292,0.6884868973095281,0.2588039166791104,1.0685286455587013,15.0
2026-04-28,0.16062181416355215,0.6984606014249567,-0.43407040289666116,0.7661765900139048,11.0
2026-04-29,-0.4081943268682745,1.4555450629130755,0.1895121951910755,1.1326354794884024,20.0
2026-04-30,0.3805980848440151,1.1149366863122767,-0.051536487964504975,1.0693180003355738,24.0
2026-05-01,-0.67726612233915,1.0720632034119706,-0.3476722071479166,1.1914282009779738,16.0
2026-05-02,0.26910420615169983,0.8207619804906615,0.7411870378522296,0.4866101868145625,7.0
2026-05-03,-0.15811216787760735,0.40123847878385754,-1.1683086903090372,0.6476261101408236,5.0
2026-05-04,0.3244960931093029,1.0122834511269898,0.2871507911483356,1.2103579191050995,12.0
2026-05-05,-0.29719718594013533,0.9287461455491218,0.22751238450876882,1.1630260416280764,8.0
2026-05-06,-0.6218970961778317,0.8160402195572047,0.4769796950498619,0.653223363329589,9.0
2026-05-07,0.20578511358359866,0.7282338354085109,-0.2434575234201733,0.9050515992740716,20.0
2026-05-08,0.12106746208953331,1.1014262057154187,0.43162290122526137,0.4287602295994752,8.0
2026-05-09,-0.3975066297560166,1.0991687297096513,-0.4163100817715693,1.0511070406070036,6.0
2026-05-10,0.09654198373134314,1.3750594988704445,0.21838863130397307,0.8222558090454817,9.0
2026-05-11,-0.03729031034812984,0.8457579444893444,-0.03947654078657299,0.7306991810571396,13.0
2026-05-12,-0.19289625574520278,0.9219954473052786,0.2512801367044985,0.8839938408892807,5.0
2026-05-13,0.2485528383789815,0.995076262540023,-0.029298605574958763,0.8920648478976828,14.0
2026-05-14,-0.12170988045831997,0.9852464834894773,-0.0982058447214374,0.8912248831325742,25.0
2026-05-15,0.36063303582217165,1.3623358744003746,-0.028457083166052485,0.9362772121196655,13.0
2026-05-16,-0.12486440824275616,0.4375176588728806,-0.5127437546365068,0.5109503565996514,4.0
2026-05-17,-0.32521718497066415,1.2882602753488737,-0.37227289824955406,0.6283647013659922,3.0
2026-05-18,-0.10652765590902757,0.8465751582563564,0.058339572399778696,1.0178704945938852,20.0
2026-05-19,0.05521169197409731,0.5920539173981325,-0.11455635026319676,1.0528550860193133,19.0
2026-05-20,-0.027487000662935596,0.8768115401616545,-0.06725605319097193,1.2554939538351348,12.0
2026-05-21,-0.19256594768939708,0.8881478752105602,-0.25910476593011234,0.6317280462134895,15.0
2026-05-22,0.2102578647304166,0.7627233007176597,-0.20344882527391384,1.0242122588632143,11.0
2026-05-23,-0.10424924678075842,0.4952722511597377,0.02547786532401819,0.7521133142519488,9.0
2026-05-24,0.14635957393117383,0.28920501317920927,-0.1485584051970052,0.4920414029035272,3.0
2026-05-25,0.03602043549322785,0.8437621556373689,-0.06770915558085472,0.8086962032215668,8.0
2026-05-26,-0.16212916324441445,0.45589434214736063,-0.2470972968037052,0.829660269680353,8.0
2026-05-27,-0.10668973213213723,0.7562861570763766,-0.42863849012639005,0.4887161783446581,8.0
2026-05-28,0.13865237867879368,1.1172322068859846,0.2574834456736115,0.8550917318121906,15.0
2026-05-29,0.4294229561957816,1.0386918679201442,0.3014600345995266,0.8874701411968271,7.0
2026-05-30,-0.26981339277883754,0.5605410198519895,0.06047417888748585,0.7597990009618957,11.0
2026-05-31,-0.08955092169754804,0.984593701984196,0.5475757129831302,1.1988397729414542,6.0
2026-06-01,0.2533139717360644,0.6055830262154113,0.2613339043318686,0.8263924223880249,13.0
2026-06-02,-0.6435719421123017,0.9795019747026829,0.5465793979000133,1.5961531309482473,3.0
2026-06-03,0.04832275936500868,0.5871999782506196,-0.2703163899573664,0.9540105891420233,19.0
2026-06-04,0.02329910585034343,0.8266442314284538,-0.43282243575865265,0.7253085353601331,10.0
2026-06-05,0.2797207392256752,1.2700062539560124,0.4387810024256891,1.101752628376091,11.0
2026-06-06,-0.23487156951682767,1.1787718648421723,0.22599189833201672,1.260360277679634,8.0
2026-06-07,-0.6480505829116677,0.7566936961599559,0.18519008201357984,0.7083221426190177,8.0
2026-06-08,-0.10463815030832975,0.6705630647673911,-0.5295041181982558,0.9901924862865847,10.0
2026-06-09,-0.07090628454002292,0.948799096436077,-0.19026870569806056,0.7482730917414208,11.0
2026-06-10,-0.35475742509169245,1.1356417891275157,-0.36863611301663457,1.3095967726758977,13.0
2026-06-11,0.40555983882633556,0.9291876680658036,0.3974096264866193,0.874347671160923,9.0
2026-06-12,0.07859665570895738,1.4152675750771433,-0.20143042810513948,0.9792280699626635,17.0
2026-06-13,-0.08049431546946062,0.922291037721431,-0.06613821743772827,0.7383926339656556,8.0
2026-06-14,-0.9041571733095103,1.3790206785953207,0.23941958975545344,0.8834854160162062,11.0
2026-06-15,-0.3246318050129365,0.713429185305042,0.03614521478793598,0.9601061084666462,10.0
2026-06-16,0.2630254543583466,0.5079134183901047,0.02057490307954248,1.1865900420805127,7.0
2026-06-17,-0.03849673680089117,0.642503938037127,-0.1752716765229529,0.7645485900075661,23.0
2026-06-18,-0.11909638745356184,0.7050177947845713,-0.10477237232577521,0.6734862056408676,16.0
2026-06-19,0.27011507343919616,0.32918703775014585,-0.2925235268130409,0.9769263143393935,11.0
2026-06-20,0.05022076286964418,0.8216203216982637,0.2205560883819368,0.8611469020799155,7.0
2026-06-21,0.1858125551850723,0.9864596605163365,0.08375546754036445,1.1558889822083038,10.0
2026-06-22,-0.10681669107585615,1.1039297194951196,0.1281261639866119,0.9072108741747099,25.0
2026-06-23,0.20077828151661956,0.8293433430402134,-0.2516475920156895,1.0368690660566315,21.0
2026-06-24,-0.3676092990740721,0.7204877332340832,-0.308296939271276,1.0564710024895285,11.0
2026-06-25,-0.352684277936693,0.7914102158911547,-0.20245778843829176,0.8593196960214899,8.0
2026-06-26,0.2604629790959,1.0530959405941394,0.14678114532600858,1.040488925807049,17.0
2026-06-27,0.49812524212488607,0.6139776424324175,0.2383944043312759,0.9534197720140688,11.0
2026-06-28,0.09662845928857108,0.4814455317750314,-0.7273041674441819,0.05693910907935274,3.0
2026-06-29,-0.3615270152717254,0.8468228138889915,0.09965247624686051,0.7210159467864024,11.0
2026-06-30,0.017295546439848302,0.5996875410199998,0.03710107642971955,0.5555405917114103,12.0
2026-07-01,-0.09325247727055358,0.8822439200975881,-0.1534004386442507,0.8975295620510517,29.0
2026-07-02,0.29663567373225597,0.8648040813264811,0.6837541075174631,1.1197812385316679,15.0
2026-07-03,-0.2829479859725272,0.6894051857616652,-0.08822328876938951,0.9163553283607669,16.0
2026-07-04,0.29825186401950654,0.9606854249098944,0.026917345629018406,1.2421838859009258,15.0
2026-07-05,0.02177240585539848,1.2747988338430243,0.037445912223030016,1.1865819790074916,15.0
2026-07-06,0.24250774154430615,0.9504788781455255,0.1051265220335839,0.8890843763319223,14.0
2026-07-07,-0.10714434914889971,0.6527880445511415,-0.14890476275185893,0.8278985696721304,25.0
2026-07-08,-0.12168451296351918,0.8594010931206446,-0.15919246809780208,0.9236787361694807,19.0
2026-07-09,-0.3628706106664277,0.5857226941462852,-0.45235470067255784,1.126225280236975,16.0
2026-07-10,-0.7813539575874029,0.7558211274753802,0.40831896838705045,1.0462575119517752,9.0
2026-07-11,0.6755385629406859,1.068317525285129,0.40387777490724613,0.7337900479321564,9.0
2026-07-12,0.03873814064995257,0.8469325979724107,0.24722831317903077,1.2017056859151163,8.0
2026-07-13,-0.1605226362799611,1.7347309561942397,0.7142448567365027,0.9878338928302945,5.0
2026-07-14,-0.038491385808115806,1.3259140557349738,0.05682240596348807,0.9751569974505386,12.0
2026-07-15,0.07235186066907262,1.1160715746438583,0.47751777881049806,1.0258673937790237,17.0
2026-07-16,0.34749439744734284,0.9227449521655317,0.3574129319551767,0.7927281237026715,14.0
2026-07-17,0.29746006845556616,0.8421455298894946,0.26051911307954406,0.5918908378478903,17.0
2026-07-18,-0.019046442129311225,0.6156923964889612,0.15223801439827564,0.7860045733795218,12.0
2026-07-19,0.14751735170530936,0.7168667853264052,-0.04454877964244987,0.6561882936162966,15.0
2026-07-20,-0.1401419559491661,0.5875307560783134,-0.015079339973982612,0.9884860637226366,14.0
2026-07-21,-0.05707781357103093,1.3266567154183835,0.13916138571814118,1.1813833984875226,19.0
2026-07-22,-0.07992954200757099,0.6031186832509458,-0.0623134570959611,0.7559623451286483,15.0
2026-07-23,-0.3095460070946544,1.0103692225594711,-0.01754114390328359,1.032391708767678,18.0
2026-07-24,0.14793823191696553,0.26652578180136743,-0.6301096100798463,0.8835621440850131,7.0
2026-07-25,0.287485613278281,0.37966921731982867,-0.76284373747009,1.161554421220898,6.0
2026-07-26,0.05213529684807457,0.8612848155477197,-0.20862991464897546,0.9536176457641182,8.0
2026-07-27,-0.010443102526070685,1.102725220677506,0.1000465221001126,1.0314210091090827,22.0
2026-07-28,0.12461565328345393,0.7575208870540714,0.18119806383195539,1.0505954516876292,27.0
2026-07-29,0.10691247515227588,0.8169760921820557,0.37598018312488,0.4622144067194422,8.0
2026-07-30,0.18972053306430214,0.8782148936342822,0.07437444327641814,1.4386519138693654,10.0
2026-07-31,-0.02773600202941026,0.7188142153976587,-0.5014671610811163,1.0277971427504267,8.0
2026-08-01,0.29614170614679797,0.8553034727520721,0.10705368032070672,0.7016816777307965,8.0
2026-08-02,0.10871977355987675,0.9114773121714052,0.2372247566481506,1.0500757463016896,7.0
2026-08-03,0.2279415351861823,0.7134901091477828,0.15051351188885717,0.889090619570937,6.0
2026-08-04,-0.842363566093644,1.63518246840393,0.563597952904811,0.7077522223333869,6.0
2026-08-05,0.4108417176588667,1.1857995373120205,0.294358142626017,0.7219045124394387,8.0
2026-08-06,0.20818295038647086,0.7349173359483188,0.19373549149219796,1.1818118771422867,10.0
2026-08-07,0.4080974619272048,0.5465661423439142,1.248270414912981,0.5917850101727742,3.0
2026-08-08,-0.4768667765643701,0.6460422260268412,-0.6663467023326322,0.47658585553340665,5.0
2026-08-09,0.4015804674333601,1.0155229474615013,0.08963407203536643,0.6345706458718282,13.0
2026-08-10,0.22343414595075012,0.9133604259802559,-0.04383722009604509,0.9939491503525874,10.0
2026-08-11,0.13347242115415536,0.7550043286935494,0.03713717154764244,0.8830399956240255,16.0
2026-08-12,0.3619506664470982,1.1532309958060134,0.013476360486063954,0.9076317278651439,15.0
2026-08-13,0.1811364983096136,0.8153551980534219,-0.02779416072265304,0.8489358181614584,10.0
2026-08-14,0.16779311708247766,0.680718629896803,0.22088234084858174,0.942456005787868,5.0
2026-08-15,-0.3327988614237684,0.29427145601765076,-0.5355702524745758,0.47851118947782,9.0
2026-08-16,-0.20285902466043493,1.3299223097896307,0.008771314329847645,0.8932831820740177,16.0
2026-08-17,-0.09177816424800142,1.0580822792487736,-0.0289491009763096,0.9706936634251769,9.0
2026-08-18,0.03032439489627155,0.726284705382488,0.649814850029577,0.28272539059916235,5.0
2026-08-19,-0.5931083253991791,0.3009283799051769,-0.6121576938218443,0.8706601030515955,4.0
2026-08-20,0.1709079526835439,1.0229208419842644,0.030341869549915072,1.3269894584880766,7.0
2026-08-21,-0.2917586055590282,0.41722921999773316,0.0013084933489833832,1.0518126663640845,13.0
2026-08-22,-0.8093403652165071,1.0,-0.857900492889704,1.0,1.0
2026-08-23,-0.3619773696728792,1.0,-0.7026146772797768,1.0,1.0
2026-08-24,0.014559646395429277,1.0185006012977318,-0.6291981598002667,0.9591338227092259,7.0
2026-08-25,0.03446401228546643,0.8490648448237472,-0.3192537192533051,1.0117430223776567,14.0
2026-08-26,-0.13271299025793606,0.6729796889751505,-0.22206726299455726,0.7779609767864426,3.0
2026-08-27,0.0625,1.0,0.5,1.0,1.0
2026-08-28,-0.24375829573261873,0.40579177394681365,0.21014239845340743,0.7516493666740778,6.0
2026-08-29,-0.287100031659418,0.593979241469506,-0.04918488923859338,0.9304420625749629,2.0
2026-08-30,0.3614986992553372,1.3306179795141493,0.7844501957415102,1.2689783766200429,4.0
2026-08-31,0.00024191967692762577,0.6447977346967905,0.08363466949267001,1.1980192429098844,13.0
2026-09-01,-0.07784833481810806,0.7517564360582946,-0.00025431038283967993,0.9550495258595486,13.0
2026-09-02,-0.8950254117221201,0.7952802540122722,-1.5234759702215999,0.30017715388538246,2.0
2026-09-03,0.05124465371090111,0.8078483023158148,0.4797515846546763,1.0467452413906906,13.0
2026-09-04,0.3508232944992571,0.054197322835667604,0.4488256560596583,0.12540445983496767,2.0
2026-09-06,-0.16429989726135097,1.0,0.6747938252702698,1.0,1.0
2026-09-07,-0.8020564552819681,0.5104487470220989,0.03821272355216803,0.00848031181043266,2.0
2026-09-09,-0.19706585563285867,1.0,-0.5830949371062355,1.0,1.0
2026-09-10,-0.2919999199332779,0.39560430886235004,-0.8569866307221317,0.8459016970396315,2.0
